"","Var1","Var2","Var3","Freq","y"
"1","1","1","1",108,"RGB1"
"2","2","1","1",986,"RGB2"
"3","3","1","1",2572,"RGB3"
"4","4","1","1",2612,"RGB4"
"5","5","1","1",625,"RGB5"
"6","6","1","1",13,"RGB6"
"7","7","1","1",0,"RGB7"
"8","8","1","1",0,"RGB8"
"9","9","1","1",0,"RGB9"
"10","10","1","1",0,"RGB10"
"11","1","2","1",0,"RGB11"
"12","2","2","1",219,"RGB12"
"13","3","2","1",311,"RGB13"
"14","4","2","1",1920,"RGB14"
"15","5","2","1",4802,"RGB15"
"16","6","2","1",3802,"RGB16"
"17","7","2","1",665,"RGB17"
"18","8","2","1",21,"RGB18"
"19","9","2","1",0,"RGB19"
"20","10","2","1",0,"RGB20"
"21","1","3","1",0,"RGB21"
"22","2","3","1",0,"RGB22"
"23","3","3","1",0,"RGB23"
"24","4","3","1",0,"RGB24"
"25","5","3","1",73,"RGB25"
"26","6","3","1",1741,"RGB26"
"27","7","3","1",3471,"RGB27"
"28","8","3","1",1347,"RGB28"
"29","9","3","1",13,"RGB29"
"30","10","3","1",0,"RGB30"
"31","1","4","1",0,"RGB31"
"32","2","4","1",0,"RGB32"
"33","3","4","1",0,"RGB33"
"34","4","4","1",0,"RGB34"
"35","5","4","1",0,"RGB35"
"36","6","4","1",1,"RGB36"
"37","7","4","1",24,"RGB37"
"38","8","4","1",84,"RGB38"
"39","9","4","1",9,"RGB39"
"40","10","4","1",0,"RGB40"
"41","1","5","1",0,"RGB41"
"42","2","5","1",0,"RGB42"
"43","3","5","1",0,"RGB43"
"44","4","5","1",0,"RGB44"
"45","5","5","1",0,"RGB45"
"46","6","5","1",0,"RGB46"
"47","7","5","1",0,"RGB47"
"48","8","5","1",0,"RGB48"
"49","9","5","1",0,"RGB49"
"50","10","5","1",0,"RGB50"
"51","1","6","1",0,"RGB51"
"52","2","6","1",0,"RGB52"
"53","3","6","1",0,"RGB53"
"54","4","6","1",0,"RGB54"
"55","5","6","1",0,"RGB55"
"56","6","6","1",0,"RGB56"
"57","7","6","1",0,"RGB57"
"58","8","6","1",0,"RGB58"
"59","9","6","1",0,"RGB59"
"60","10","6","1",0,"RGB60"
"61","1","7","1",0,"RGB61"
"62","2","7","1",0,"RGB62"
"63","3","7","1",0,"RGB63"
"64","4","7","1",0,"RGB64"
"65","5","7","1",0,"RGB65"
"66","6","7","1",0,"RGB66"
"67","7","7","1",0,"RGB67"
"68","8","7","1",0,"RGB68"
"69","9","7","1",0,"RGB69"
"70","10","7","1",0,"RGB70"
"71","1","8","1",0,"RGB71"
"72","2","8","1",0,"RGB72"
"73","3","8","1",0,"RGB73"
"74","4","8","1",0,"RGB74"
"75","5","8","1",0,"RGB75"
"76","6","8","1",0,"RGB76"
"77","7","8","1",0,"RGB77"
"78","8","8","1",0,"RGB78"
"79","9","8","1",0,"RGB79"
"80","10","8","1",0,"RGB80"
"81","1","1","2",1,"RGB81"
"82","2","1","2",9,"RGB82"
"83","3","1","2",27,"RGB83"
"84","4","1","2",6,"RGB84"
"85","5","1","2",0,"RGB85"
"86","6","1","2",0,"RGB86"
"87","7","1","2",0,"RGB87"
"88","8","1","2",0,"RGB88"
"89","9","1","2",0,"RGB89"
"90","10","1","2",0,"RGB90"
"91","1","2","2",0,"RGB91"
"92","2","2","2",12,"RGB92"
"93","3","2","2",328,"RGB93"
"94","4","2","2",536,"RGB94"
"95","5","2","2",1220,"RGB95"
"96","6","2","2",530,"RGB96"
"97","7","2","2",35,"RGB97"
"98","8","2","2",0,"RGB98"
"99","9","2","2",0,"RGB99"
"100","10","2","2",0,"RGB100"
"101","1","3","2",0,"RGB101"
"102","2","3","2",0,"RGB102"
"103","3","3","2",8,"RGB103"
"104","4","3","2",9,"RGB104"
"105","5","3","2",534,"RGB105"
"106","6","3","2",3550,"RGB106"
"107","7","3","2",7938,"RGB107"
"108","8","3","2",5352,"RGB108"
"109","9","3","2",38,"RGB109"
"110","10","3","2",0,"RGB110"
"111","1","4","2",0,"RGB111"
"112","2","4","2",0,"RGB112"
"113","3","4","2",0,"RGB113"
"114","4","4","2",0,"RGB114"
"115","5","4","2",0,"RGB115"
"116","6","4","2",8,"RGB116"
"117","7","4","2",1408,"RGB117"
"118","8","4","2",5837,"RGB118"
"119","9","4","2",793,"RGB119"
"120","10","4","2",0,"RGB120"
"121","1","5","2",0,"RGB121"
"122","2","5","2",0,"RGB122"
"123","3","5","2",0,"RGB123"
"124","4","5","2",0,"RGB124"
"125","5","5","2",0,"RGB125"
"126","6","5","2",0,"RGB126"
"127","7","5","2",0,"RGB127"
"128","8","5","2",8,"RGB128"
"129","9","5","2",24,"RGB129"
"130","10","5","2",1,"RGB130"
"131","1","6","2",0,"RGB131"
"132","2","6","2",0,"RGB132"
"133","3","6","2",0,"RGB133"
"134","4","6","2",0,"RGB134"
"135","5","6","2",0,"RGB135"
"136","6","6","2",0,"RGB136"
"137","7","6","2",0,"RGB137"
"138","8","6","2",0,"RGB138"
"139","9","6","2",0,"RGB139"
"140","10","6","2",0,"RGB140"
"141","1","7","2",0,"RGB141"
"142","2","7","2",0,"RGB142"
"143","3","7","2",0,"RGB143"
"144","4","7","2",0,"RGB144"
"145","5","7","2",0,"RGB145"
"146","6","7","2",0,"RGB146"
"147","7","7","2",0,"RGB147"
"148","8","7","2",0,"RGB148"
"149","9","7","2",0,"RGB149"
"150","10","7","2",0,"RGB150"
"151","1","8","2",0,"RGB151"
"152","2","8","2",0,"RGB152"
"153","3","8","2",0,"RGB153"
"154","4","8","2",0,"RGB154"
"155","5","8","2",0,"RGB155"
"156","6","8","2",0,"RGB156"
"157","7","8","2",0,"RGB157"
"158","8","8","2",0,"RGB158"
"159","9","8","2",0,"RGB159"
"160","10","8","2",0,"RGB160"
"161","1","1","3",0,"RGB161"
"162","2","1","3",0,"RGB162"
"163","3","1","3",0,"RGB163"
"164","4","1","3",0,"RGB164"
"165","5","1","3",0,"RGB165"
"166","6","1","3",0,"RGB166"
"167","7","1","3",0,"RGB167"
"168","8","1","3",0,"RGB168"
"169","9","1","3",0,"RGB169"
"170","10","1","3",0,"RGB170"
"171","1","2","3",0,"RGB171"
"172","2","2","3",0,"RGB172"
"173","3","2","3",8,"RGB173"
"174","4","2","3",49,"RGB174"
"175","5","2","3",25,"RGB175"
"176","6","2","3",0,"RGB176"
"177","7","2","3",0,"RGB177"
"178","8","2","3",0,"RGB178"
"179","9","2","3",0,"RGB179"
"180","10","2","3",0,"RGB180"
"181","1","3","3",0,"RGB181"
"182","2","3","3",0,"RGB182"
"183","3","3","3",4,"RGB183"
"184","4","3","3",101,"RGB184"
"185","5","3","3",173,"RGB185"
"186","6","3","3",747,"RGB186"
"187","7","3","3",1395,"RGB187"
"188","8","3","3",546,"RGB188"
"189","9","3","3",1,"RGB189"
"190","10","3","3",0,"RGB190"
"191","1","4","3",0,"RGB191"
"192","2","4","3",0,"RGB192"
"193","3","4","3",0,"RGB193"
"194","4","4","3",1,"RGB194"
"195","5","4","3",13,"RGB195"
"196","6","4","3",69,"RGB196"
"197","7","4","3",2244,"RGB197"
"198","8","4","3",16774,"RGB198"
"199","9","4","3",4109,"RGB199"
"200","10","4","3",4,"RGB200"
"201","1","5","3",0,"RGB201"
"202","2","5","3",0,"RGB202"
"203","3","5","3",0,"RGB203"
"204","4","5","3",0,"RGB204"
"205","5","5","3",0,"RGB205"
"206","6","5","3",0,"RGB206"
"207","7","5","3",7,"RGB207"
"208","8","5","3",1103,"RGB208"
"209","9","5","3",2071,"RGB209"
"210","10","5","3",16,"RGB210"
"211","1","6","3",0,"RGB211"
"212","2","6","3",0,"RGB212"
"213","3","6","3",0,"RGB213"
"214","4","6","3",0,"RGB214"
"215","5","6","3",0,"RGB215"
"216","6","6","3",0,"RGB216"
"217","7","6","3",0,"RGB217"
"218","8","6","3",0,"RGB218"
"219","9","6","3",0,"RGB219"
"220","10","6","3",0,"RGB220"
"221","1","7","3",0,"RGB221"
"222","2","7","3",0,"RGB222"
"223","3","7","3",0,"RGB223"
"224","4","7","3",0,"RGB224"
"225","5","7","3",0,"RGB225"
"226","6","7","3",0,"RGB226"
"227","7","7","3",0,"RGB227"
"228","8","7","3",0,"RGB228"
"229","9","7","3",0,"RGB229"
"230","10","7","3",0,"RGB230"
"231","1","8","3",0,"RGB231"
"232","2","8","3",0,"RGB232"
"233","3","8","3",0,"RGB233"
"234","4","8","3",0,"RGB234"
"235","5","8","3",0,"RGB235"
"236","6","8","3",0,"RGB236"
"237","7","8","3",0,"RGB237"
"238","8","8","3",0,"RGB238"
"239","9","8","3",0,"RGB239"
"240","10","8","3",0,"RGB240"
"241","1","1","4",0,"RGB241"
"242","2","1","4",0,"RGB242"
"243","3","1","4",0,"RGB243"
"244","4","1","4",0,"RGB244"
"245","5","1","4",0,"RGB245"
"246","6","1","4",0,"RGB246"
"247","7","1","4",0,"RGB247"
"248","8","1","4",0,"RGB248"
"249","9","1","4",0,"RGB249"
"250","10","1","4",0,"RGB250"
"251","1","2","4",0,"RGB251"
"252","2","2","4",0,"RGB252"
"253","3","2","4",0,"RGB253"
"254","4","2","4",0,"RGB254"
"255","5","2","4",0,"RGB255"
"256","6","2","4",0,"RGB256"
"257","7","2","4",0,"RGB257"
"258","8","2","4",0,"RGB258"
"259","9","2","4",0,"RGB259"
"260","10","2","4",0,"RGB260"
"261","1","3","4",0,"RGB261"
"262","2","3","4",0,"RGB262"
"263","3","3","4",0,"RGB263"
"264","4","3","4",33,"RGB264"
"265","5","3","4",89,"RGB265"
"266","6","3","4",23,"RGB266"
"267","7","3","4",14,"RGB267"
"268","8","3","4",0,"RGB268"
"269","9","3","4",0,"RGB269"
"270","10","3","4",0,"RGB270"
"271","1","4","4",0,"RGB271"
"272","2","4","4",0,"RGB272"
"273","3","4","4",0,"RGB273"
"274","4","4","4",1,"RGB274"
"275","5","4","4",965,"RGB275"
"276","6","4","4",532,"RGB276"
"277","7","4","4",348,"RGB277"
"278","8","4","4",1499,"RGB278"
"279","9","4","4",264,"RGB279"
"280","10","4","4",0,"RGB280"
"281","1","5","4",0,"RGB281"
"282","2","5","4",0,"RGB282"
"283","3","5","4",0,"RGB283"
"284","4","5","4",0,"RGB284"
"285","5","5","4",0,"RGB285"
"286","6","5","4",14,"RGB286"
"287","7","5","4",27,"RGB287"
"288","8","5","4",1356,"RGB288"
"289","9","5","4",2646,"RGB289"
"290","10","5","4",54,"RGB290"
"291","1","6","4",0,"RGB291"
"292","2","6","4",0,"RGB292"
"293","3","6","4",0,"RGB293"
"294","4","6","4",0,"RGB294"
"295","5","6","4",0,"RGB295"
"296","6","6","4",0,"RGB296"
"297","7","6","4",0,"RGB297"
"298","8","6","4",0,"RGB298"
"299","9","6","4",79,"RGB299"
"300","10","6","4",12,"RGB300"
"301","1","7","4",0,"RGB301"
"302","2","7","4",0,"RGB302"
"303","3","7","4",0,"RGB303"
"304","4","7","4",0,"RGB304"
"305","5","7","4",0,"RGB305"
"306","6","7","4",0,"RGB306"
"307","7","7","4",0,"RGB307"
"308","8","7","4",0,"RGB308"
"309","9","7","4",0,"RGB309"
"310","10","7","4",0,"RGB310"
"311","1","8","4",0,"RGB311"
"312","2","8","4",0,"RGB312"
"313","3","8","4",0,"RGB313"
"314","4","8","4",0,"RGB314"
"315","5","8","4",0,"RGB315"
"316","6","8","4",0,"RGB316"
"317","7","8","4",0,"RGB317"
"318","8","8","4",0,"RGB318"
"319","9","8","4",0,"RGB319"
"320","10","8","4",0,"RGB320"
"321","1","1","5",0,"RGB321"
"322","2","1","5",0,"RGB322"
"323","3","1","5",0,"RGB323"
"324","4","1","5",0,"RGB324"
"325","5","1","5",0,"RGB325"
"326","6","1","5",0,"RGB326"
"327","7","1","5",0,"RGB327"
"328","8","1","5",0,"RGB328"
"329","9","1","5",0,"RGB329"
"330","10","1","5",0,"RGB330"
"331","1","2","5",0,"RGB331"
"332","2","2","5",0,"RGB332"
"333","3","2","5",0,"RGB333"
"334","4","2","5",0,"RGB334"
"335","5","2","5",0,"RGB335"
"336","6","2","5",0,"RGB336"
"337","7","2","5",0,"RGB337"
"338","8","2","5",0,"RGB338"
"339","9","2","5",0,"RGB339"
"340","10","2","5",0,"RGB340"
"341","1","3","5",0,"RGB341"
"342","2","3","5",0,"RGB342"
"343","3","3","5",0,"RGB343"
"344","4","3","5",1,"RGB344"
"345","5","3","5",9,"RGB345"
"346","6","3","5",0,"RGB346"
"347","7","3","5",0,"RGB347"
"348","8","3","5",0,"RGB348"
"349","9","3","5",0,"RGB349"
"350","10","3","5",0,"RGB350"
"351","1","4","5",0,"RGB351"
"352","2","4","5",0,"RGB352"
"353","3","4","5",0,"RGB353"
"354","4","4","5",0,"RGB354"
"355","5","4","5",539,"RGB355"
"356","6","4","5",3347,"RGB356"
"357","7","4","5",47,"RGB357"
"358","8","4","5",5,"RGB358"
"359","9","4","5",0,"RGB359"
"360","10","4","5",0,"RGB360"
"361","1","5","5",0,"RGB361"
"362","2","5","5",0,"RGB362"
"363","3","5","5",0,"RGB363"
"364","4","5","5",0,"RGB364"
"365","5","5","5",0,"RGB365"
"366","6","5","5",5058,"RGB366"
"367","7","5","5",45,"RGB367"
"368","8","5","5",340,"RGB368"
"369","9","5","5",217,"RGB369"
"370","10","5","5",6,"RGB370"
"371","1","6","5",0,"RGB371"
"372","2","6","5",0,"RGB372"
"373","3","6","5",0,"RGB373"
"374","4","6","5",0,"RGB374"
"375","5","6","5",0,"RGB375"
"376","6","6","5",0,"RGB376"
"377","7","6","5",0,"RGB377"
"378","8","6","5",39,"RGB378"
"379","9","6","5",113,"RGB379"
"380","10","6","5",11,"RGB380"
"381","1","7","5",0,"RGB381"
"382","2","7","5",0,"RGB382"
"383","3","7","5",0,"RGB383"
"384","4","7","5",0,"RGB384"
"385","5","7","5",0,"RGB385"
"386","6","7","5",0,"RGB386"
"387","7","7","5",0,"RGB387"
"388","8","7","5",0,"RGB388"
"389","9","7","5",0,"RGB389"
"390","10","7","5",0,"RGB390"
"391","1","8","5",0,"RGB391"
"392","2","8","5",0,"RGB392"
"393","3","8","5",0,"RGB393"
"394","4","8","5",0,"RGB394"
"395","5","8","5",0,"RGB395"
"396","6","8","5",0,"RGB396"
"397","7","8","5",0,"RGB397"
"398","8","8","5",0,"RGB398"
"399","9","8","5",0,"RGB399"
"400","10","8","5",0,"RGB400"
"401","1","1","6",0,"RGB401"
"402","2","1","6",0,"RGB402"
"403","3","1","6",0,"RGB403"
"404","4","1","6",0,"RGB404"
"405","5","1","6",0,"RGB405"
"406","6","1","6",0,"RGB406"
"407","7","1","6",0,"RGB407"
"408","8","1","6",0,"RGB408"
"409","9","1","6",0,"RGB409"
"410","10","1","6",0,"RGB410"
"411","1","2","6",0,"RGB411"
"412","2","2","6",0,"RGB412"
"413","3","2","6",0,"RGB413"
"414","4","2","6",0,"RGB414"
"415","5","2","6",0,"RGB415"
"416","6","2","6",0,"RGB416"
"417","7","2","6",0,"RGB417"
"418","8","2","6",0,"RGB418"
"419","9","2","6",0,"RGB419"
"420","10","2","6",0,"RGB420"
"421","1","3","6",0,"RGB421"
"422","2","3","6",0,"RGB422"
"423","3","3","6",0,"RGB423"
"424","4","3","6",0,"RGB424"
"425","5","3","6",0,"RGB425"
"426","6","3","6",0,"RGB426"
"427","7","3","6",0,"RGB427"
"428","8","3","6",0,"RGB428"
"429","9","3","6",0,"RGB429"
"430","10","3","6",0,"RGB430"
"431","1","4","6",0,"RGB431"
"432","2","4","6",0,"RGB432"
"433","3","4","6",0,"RGB433"
"434","4","4","6",0,"RGB434"
"435","5","4","6",74,"RGB435"
"436","6","4","6",52,"RGB436"
"437","7","4","6",3,"RGB437"
"438","8","4","6",0,"RGB438"
"439","9","4","6",0,"RGB439"
"440","10","4","6",0,"RGB440"
"441","1","5","6",0,"RGB441"
"442","2","5","6",0,"RGB442"
"443","3","5","6",0,"RGB443"
"444","4","5","6",0,"RGB444"
"445","5","5","6",0,"RGB445"
"446","6","5","6",524,"RGB446"
"447","7","5","6",310,"RGB447"
"448","8","5","6",117,"RGB448"
"449","9","5","6",41,"RGB449"
"450","10","5","6",0,"RGB450"
"451","1","6","6",0,"RGB451"
"452","2","6","6",0,"RGB452"
"453","3","6","6",0,"RGB453"
"454","4","6","6",0,"RGB454"
"455","5","6","6",0,"RGB455"
"456","6","6","6",0,"RGB456"
"457","7","6","6",1,"RGB457"
"458","8","6","6",187,"RGB458"
"459","9","6","6",287,"RGB459"
"460","10","6","6",3,"RGB460"
"461","1","7","6",0,"RGB461"
"462","2","7","6",0,"RGB462"
"463","3","7","6",0,"RGB463"
"464","4","7","6",0,"RGB464"
"465","5","7","6",0,"RGB465"
"466","6","7","6",0,"RGB466"
"467","7","7","6",0,"RGB467"
"468","8","7","6",0,"RGB468"
"469","9","7","6",0,"RGB469"
"470","10","7","6",0,"RGB470"
"471","1","8","6",0,"RGB471"
"472","2","8","6",0,"RGB472"
"473","3","8","6",0,"RGB473"
"474","4","8","6",0,"RGB474"
"475","5","8","6",0,"RGB475"
"476","6","8","6",0,"RGB476"
"477","7","8","6",0,"RGB477"
"478","8","8","6",0,"RGB478"
"479","9","8","6",0,"RGB479"
"480","10","8","6",0,"RGB480"
"481","1","1","7",0,"RGB481"
"482","2","1","7",0,"RGB482"
"483","3","1","7",0,"RGB483"
"484","4","1","7",0,"RGB484"
"485","5","1","7",0,"RGB485"
"486","6","1","7",0,"RGB486"
"487","7","1","7",0,"RGB487"
"488","8","1","7",0,"RGB488"
"489","9","1","7",0,"RGB489"
"490","10","1","7",0,"RGB490"
"491","1","2","7",0,"RGB491"
"492","2","2","7",0,"RGB492"
"493","3","2","7",0,"RGB493"
"494","4","2","7",0,"RGB494"
"495","5","2","7",0,"RGB495"
"496","6","2","7",0,"RGB496"
"497","7","2","7",0,"RGB497"
"498","8","2","7",0,"RGB498"
"499","9","2","7",0,"RGB499"
"500","10","2","7",0,"RGB500"
"501","1","3","7",0,"RGB501"
"502","2","3","7",0,"RGB502"
"503","3","3","7",0,"RGB503"
"504","4","3","7",0,"RGB504"
"505","5","3","7",0,"RGB505"
"506","6","3","7",0,"RGB506"
"507","7","3","7",0,"RGB507"
"508","8","3","7",0,"RGB508"
"509","9","3","7",0,"RGB509"
"510","10","3","7",0,"RGB510"
"511","1","4","7",0,"RGB511"
"512","2","4","7",0,"RGB512"
"513","3","4","7",0,"RGB513"
"514","4","4","7",0,"RGB514"
"515","5","4","7",0,"RGB515"
"516","6","4","7",0,"RGB516"
"517","7","4","7",0,"RGB517"
"518","8","4","7",0,"RGB518"
"519","9","4","7",0,"RGB519"
"520","10","4","7",0,"RGB520"
"521","1","5","7",0,"RGB521"
"522","2","5","7",0,"RGB522"
"523","3","5","7",0,"RGB523"
"524","4","5","7",0,"RGB524"
"525","5","5","7",0,"RGB525"
"526","6","5","7",66,"RGB526"
"527","7","5","7",810,"RGB527"
"528","8","5","7",4,"RGB528"
"529","9","5","7",0,"RGB529"
"530","10","5","7",0,"RGB530"
"531","1","6","7",0,"RGB531"
"532","2","6","7",0,"RGB532"
"533","3","6","7",0,"RGB533"
"534","4","6","7",0,"RGB534"
"535","5","6","7",0,"RGB535"
"536","6","6","7",0,"RGB536"
"537","7","6","7",1758,"RGB537"
"538","8","6","7",1142,"RGB538"
"539","9","6","7",543,"RGB539"
"540","10","6","7",6,"RGB540"
"541","1","7","7",0,"RGB541"
"542","2","7","7",0,"RGB542"
"543","3","7","7",0,"RGB543"
"544","4","7","7",0,"RGB544"
"545","5","7","7",0,"RGB545"
"546","6","7","7",0,"RGB546"
"547","7","7","7",0,"RGB547"
"548","8","7","7",11,"RGB548"
"549","9","7","7",87,"RGB549"
"550","10","7","7",16,"RGB550"
"551","1","8","7",0,"RGB551"
"552","2","8","7",0,"RGB552"
"553","3","8","7",0,"RGB553"
"554","4","8","7",0,"RGB554"
"555","5","8","7",0,"RGB555"
"556","6","8","7",0,"RGB556"
"557","7","8","7",0,"RGB557"
"558","8","8","7",0,"RGB558"
"559","9","8","7",0,"RGB559"
"560","10","8","7",0,"RGB560"
"561","1","1","8",0,"RGB561"
"562","2","1","8",0,"RGB562"
"563","3","1","8",0,"RGB563"
"564","4","1","8",0,"RGB564"
"565","5","1","8",0,"RGB565"
"566","6","1","8",0,"RGB566"
"567","7","1","8",0,"RGB567"
"568","8","1","8",0,"RGB568"
"569","9","1","8",0,"RGB569"
"570","10","1","8",0,"RGB570"
"571","1","2","8",0,"RGB571"
"572","2","2","8",0,"RGB572"
"573","3","2","8",0,"RGB573"
"574","4","2","8",0,"RGB574"
"575","5","2","8",0,"RGB575"
"576","6","2","8",0,"RGB576"
"577","7","2","8",0,"RGB577"
"578","8","2","8",0,"RGB578"
"579","9","2","8",0,"RGB579"
"580","10","2","8",0,"RGB580"
"581","1","3","8",0,"RGB581"
"582","2","3","8",0,"RGB582"
"583","3","3","8",0,"RGB583"
"584","4","3","8",0,"RGB584"
"585","5","3","8",0,"RGB585"
"586","6","3","8",0,"RGB586"
"587","7","3","8",0,"RGB587"
"588","8","3","8",0,"RGB588"
"589","9","3","8",0,"RGB589"
"590","10","3","8",0,"RGB590"
"591","1","4","8",0,"RGB591"
"592","2","4","8",0,"RGB592"
"593","3","4","8",0,"RGB593"
"594","4","4","8",0,"RGB594"
"595","5","4","8",0,"RGB595"
"596","6","4","8",0,"RGB596"
"597","7","4","8",0,"RGB597"
"598","8","4","8",0,"RGB598"
"599","9","4","8",0,"RGB599"
"600","10","4","8",0,"RGB600"
"601","1","5","8",0,"RGB601"
"602","2","5","8",0,"RGB602"
"603","3","5","8",0,"RGB603"
"604","4","5","8",0,"RGB604"
"605","5","5","8",0,"RGB605"
"606","6","5","8",0,"RGB606"
"607","7","5","8",0,"RGB607"
"608","8","5","8",0,"RGB608"
"609","9","5","8",0,"RGB609"
"610","10","5","8",0,"RGB610"
"611","1","6","8",0,"RGB611"
"612","2","6","8",0,"RGB612"
"613","3","6","8",0,"RGB613"
"614","4","6","8",0,"RGB614"
"615","5","6","8",0,"RGB615"
"616","6","6","8",0,"RGB616"
"617","7","6","8",1968,"RGB617"
"618","8","6","8",29586,"RGB618"
"619","9","6","8",267,"RGB619"
"620","10","6","8",1,"RGB620"
"621","1","7","8",0,"RGB621"
"622","2","7","8",0,"RGB622"
"623","3","7","8",0,"RGB623"
"624","4","7","8",0,"RGB624"
"625","5","7","8",0,"RGB625"
"626","6","7","8",0,"RGB626"
"627","7","7","8",0,"RGB627"
"628","8","7","8",1546,"RGB628"
"629","9","7","8",850,"RGB629"
"630","10","7","8",33,"RGB630"
"631","1","8","8",0,"RGB631"
"632","2","8","8",0,"RGB632"
"633","3","8","8",0,"RGB633"
"634","4","8","8",0,"RGB634"
"635","5","8","8",0,"RGB635"
"636","6","8","8",0,"RGB636"
"637","7","8","8",0,"RGB637"
"638","8","8","8",0,"RGB638"
"639","9","8","8",0,"RGB639"
"640","10","8","8",0,"RGB640"
"641","1","1","9",0,"RGB641"
"642","2","1","9",0,"RGB642"
"643","3","1","9",0,"RGB643"
"644","4","1","9",0,"RGB644"
"645","5","1","9",0,"RGB645"
"646","6","1","9",0,"RGB646"
"647","7","1","9",0,"RGB647"
"648","8","1","9",0,"RGB648"
"649","9","1","9",0,"RGB649"
"650","10","1","9",0,"RGB650"
"651","1","2","9",0,"RGB651"
"652","2","2","9",0,"RGB652"
"653","3","2","9",0,"RGB653"
"654","4","2","9",0,"RGB654"
"655","5","2","9",0,"RGB655"
"656","6","2","9",0,"RGB656"
"657","7","2","9",0,"RGB657"
"658","8","2","9",0,"RGB658"
"659","9","2","9",0,"RGB659"
"660","10","2","9",0,"RGB660"
"661","1","3","9",0,"RGB661"
"662","2","3","9",0,"RGB662"
"663","3","3","9",0,"RGB663"
"664","4","3","9",0,"RGB664"
"665","5","3","9",0,"RGB665"
"666","6","3","9",0,"RGB666"
"667","7","3","9",0,"RGB667"
"668","8","3","9",0,"RGB668"
"669","9","3","9",0,"RGB669"
"670","10","3","9",0,"RGB670"
"671","1","4","9",0,"RGB671"
"672","2","4","9",0,"RGB672"
"673","3","4","9",0,"RGB673"
"674","4","4","9",0,"RGB674"
"675","5","4","9",0,"RGB675"
"676","6","4","9",0,"RGB676"
"677","7","4","9",0,"RGB677"
"678","8","4","9",0,"RGB678"
"679","9","4","9",0,"RGB679"
"680","10","4","9",0,"RGB680"
"681","1","5","9",0,"RGB681"
"682","2","5","9",0,"RGB682"
"683","3","5","9",0,"RGB683"
"684","4","5","9",0,"RGB684"
"685","5","5","9",0,"RGB685"
"686","6","5","9",0,"RGB686"
"687","7","5","9",0,"RGB687"
"688","8","5","9",0,"RGB688"
"689","9","5","9",0,"RGB689"
"690","10","5","9",0,"RGB690"
"691","1","6","9",0,"RGB691"
"692","2","6","9",0,"RGB692"
"693","3","6","9",0,"RGB693"
"694","4","6","9",0,"RGB694"
"695","5","6","9",0,"RGB695"
"696","6","6","9",0,"RGB696"
"697","7","6","9",6,"RGB697"
"698","8","6","9",256,"RGB698"
"699","9","6","9",4,"RGB699"
"700","10","6","9",0,"RGB700"
"701","1","7","9",0,"RGB701"
"702","2","7","9",0,"RGB702"
"703","3","7","9",0,"RGB703"
"704","4","7","9",0,"RGB704"
"705","5","7","9",0,"RGB705"
"706","6","7","9",0,"RGB706"
"707","7","7","9",0,"RGB707"
"708","8","7","9",1303,"RGB708"
"709","9","7","9",9979,"RGB709"
"710","10","7","9",104,"RGB710"
"711","1","8","9",0,"RGB711"
"712","2","8","9",0,"RGB712"
"713","3","8","9",0,"RGB713"
"714","4","8","9",0,"RGB714"
"715","5","8","9",0,"RGB715"
"716","6","8","9",0,"RGB716"
"717","7","8","9",0,"RGB717"
"718","8","8","9",1,"RGB718"
"719","9","8","9",10,"RGB719"
"720","10","8","9",6,"RGB720"
"721","1","1","10",0,"RGB721"
"722","2","1","10",0,"RGB722"
"723","3","1","10",0,"RGB723"
"724","4","1","10",0,"RGB724"
"725","5","1","10",0,"RGB725"
"726","6","1","10",0,"RGB726"
"727","7","1","10",0,"RGB727"
"728","8","1","10",0,"RGB728"
"729","9","1","10",0,"RGB729"
"730","10","1","10",0,"RGB730"
"731","1","2","10",0,"RGB731"
"732","2","2","10",0,"RGB732"
"733","3","2","10",0,"RGB733"
"734","4","2","10",0,"RGB734"
"735","5","2","10",0,"RGB735"
"736","6","2","10",0,"RGB736"
"737","7","2","10",0,"RGB737"
"738","8","2","10",0,"RGB738"
"739","9","2","10",0,"RGB739"
"740","10","2","10",0,"RGB740"
"741","1","3","10",0,"RGB741"
"742","2","3","10",0,"RGB742"
"743","3","3","10",0,"RGB743"
"744","4","3","10",0,"RGB744"
"745","5","3","10",0,"RGB745"
"746","6","3","10",0,"RGB746"
"747","7","3","10",0,"RGB747"
"748","8","3","10",0,"RGB748"
"749","9","3","10",0,"RGB749"
"750","10","3","10",0,"RGB750"
"751","1","4","10",0,"RGB751"
"752","2","4","10",0,"RGB752"
"753","3","4","10",0,"RGB753"
"754","4","4","10",0,"RGB754"
"755","5","4","10",0,"RGB755"
"756","6","4","10",0,"RGB756"
"757","7","4","10",0,"RGB757"
"758","8","4","10",0,"RGB758"
"759","9","4","10",0,"RGB759"
"760","10","4","10",0,"RGB760"
"761","1","5","10",0,"RGB761"
"762","2","5","10",0,"RGB762"
"763","3","5","10",0,"RGB763"
"764","4","5","10",0,"RGB764"
"765","5","5","10",0,"RGB765"
"766","6","5","10",0,"RGB766"
"767","7","5","10",0,"RGB767"
"768","8","5","10",0,"RGB768"
"769","9","5","10",0,"RGB769"
"770","10","5","10",0,"RGB770"
"771","1","6","10",0,"RGB771"
"772","2","6","10",0,"RGB772"
"773","3","6","10",0,"RGB773"
"774","4","6","10",0,"RGB774"
"775","5","6","10",0,"RGB775"
"776","6","6","10",0,"RGB776"
"777","7","6","10",0,"RGB777"
"778","8","6","10",0,"RGB778"
"779","9","6","10",0,"RGB779"
"780","10","6","10",0,"RGB780"
"781","1","7","10",0,"RGB781"
"782","2","7","10",0,"RGB782"
"783","3","7","10",0,"RGB783"
"784","4","7","10",0,"RGB784"
"785","5","7","10",0,"RGB785"
"786","6","7","10",0,"RGB786"
"787","7","7","10",0,"RGB787"
"788","8","7","10",2,"RGB788"
"789","9","7","10",171,"RGB789"
"790","10","7","10",31,"RGB790"
"791","1","8","10",0,"RGB791"
"792","2","8","10",0,"RGB792"
"793","3","8","10",0,"RGB793"
"794","4","8","10",0,"RGB794"
"795","5","8","10",0,"RGB795"
"796","6","8","10",0,"RGB796"
"797","7","8","10",0,"RGB797"
"798","8","8","10",0,"RGB798"
"799","9","8","10",9,"RGB799"
"800","10","8","10",1,"RGB800"
